iso3c,country,emptying_method,population_2017,population_emptying_method,count_pits_septics,emptying_demand,urban_demand,rural_demand
AFG,Afghanistan,mechanized,35530085.16530559,3449125.8253593333,367345.1076441258,0.09707620483632656,0.6643345090952656,0.3356654909047344
BGD,Bangladesh,mechanized,164669683.37243107,12457837.250252098,1809175.4877401032,0.07565349610879123,0.8976622025546573,0.10233779744534273
BTN,Bhutan,mechanized,807610.0210778456,438967.31945362035,78556.0876359459,0.543538722894708,0.41393413403140256,0.5860658659685976
IND,India,mechanized,1339180290.6450965,273352502.4916364,52459681.509447366,0.20411926937780706,0.5372399524967394,0.46276004750326066
IRN,Iran (Islamic Republic of),mechanized,81162560.0499435,39585421.0111212,10546022.630015094,0.48773006897222376,0.6937961842729031,0.3062038157270968
KAZ,Kazakhstan,mechanized,18204492.203759845,6289801.06912867,1777876.475653275,0.3455081854922387,0.4285909211451874,0.5714090788548125
KGZ,Kyrgyzstan,mechanized,6045077.406228689,3441683.2833503676,800980.7099526593,0.569336511688692,0.29111080554232566,0.7088891944576743
MDV,Maldives,mechanized,436330.02510366763,19564.57058379739,3652.590070474557,0.04483892800902034,0,1
NPL,Nepal,mechanized,29304995.49611164,7364536.735939068,1528267.6925215477,0.2513065302097125,0.2312896595655355,0.7687103404344645
PAK,Pakistan,mechanized,197015965.11590356,14486310.830945145,1922982.6414997685,0.07352861389899502,0.4309872643043695,0.5690127356956306
LKA,Sri Lanka,mechanized,20876967.247702222,5546573.150375793,1051509.5467182645,0.26567906557338994,0.3237245504864758,0.6762754495135241
TJK,Tajikistan,mechanized,8921363.716258632,3393414.813399161,532980.8658313367,0.3803695176349411,0.22197100809686032,0.7780289919031397
TKM,Turkmenistan,mechanized,5758083.429579293,1510680.545193742,289678.0301195909,0.2623582245150133,0.5177551813125332,0.48224481868746677
UZB,Uzbekistan,mechanized,31910638.871927045,12041090.288966598,2297007.459530598,0.37733780064051253,0.49090662178696903,0.5090933782130309
BRN,Brunei Darussalam,mechanized,NA,0,0,NA,NA,NA
KHM,Cambodia,mechanized,16005372.51318531,1570988.6394631343,324580.0285459197,0.098153831669268915,0.6672373647374743,0.3327626352625257
CHN,China,mechanized,1409515977.5462778,204155210.57088843,57659216.31431907,0.144840650140261,0.49125419984795565,0.5087458001520444
HKG,"China, Hong Kong Special Administrative Region",mechanized,7364882.919078801,196850.9225325,67661.45537544668,0.026728316620289478,1,0
MAC,"China, Macao Special Administrative Region",mechanized,NA,0,0,NA,NA,NA
PRK,Democratic People's Republic of Korea,mechanized,25490969.290557317,4701213.430040652,1186501.1628371093,0.18442662483541314,0.47024491503970434,0.5297550849602957
IDN,Indonesia,mechanized,263991374.801031,27733400.218494736,6299993.777312499,0.10505419065072585,0.7338564870772304,0.26614351292276966
JPN,Japan,mechanized,127484455.18635967,0,0,0,NA,NA
LAO,Lao People's Democratic Republic,mechanized,6858159.411277301,2114157.3089233474,536682.0777887288,0.30826890746326285,0.6615724442798075,0.33842755572019245
MYS,Malaysia,mechanized,31624266.45510674,0,0,0,NA,NA
MNG,Mongolia,mechanized,3075681.3066407247,386318.6868609349,70643.31856225448,0.12560426401358019,0.9416494445776389,0.058350555422361144
MMR,Myanmar,mechanized,53370580.70587838,8025203.664994953,1734789.1925243903,0.150367553788131,0.753444262837058,0.246555737162942
PHL,Philippines,mechanized,104918090.95197149,27604628.443582587,5183298.932387841,0.26310646899035933,0.5564072405790272,0.4435927594209728
KOR,Republic of Korea,mechanized,50982210.19734423,0,0,0,NA,NA
SGP,Singapore,mechanized,5708844,0,0,0,NA,NA
THA,Thailand,mechanized,69037511.90450084,32962940.748229504,8858602.727723576,0.47746420516757515,0.5899183573988374,0.41008164260116253
TLS,Timor-Leste,mechanized,1296311.2173765858,338342.33819859574,52175.77487208498,0.26100394231202995,0.5224434504294683,0.4775565495705318
VNM,Viet Nam,mechanized,95540797.89708887,27815999.889238283,7181784.303300284,0.2911426375065456,0.6989751852950189,0.30102481470498116
AIA,Anguilla,mechanized,14908.999999999998,10671.0885961875,2874.50158605501,0.715748111623013,1,0
ATG,Antigua and Barbuda,mechanized,102011.99457736852,0,0,0,NA,NA
ARG,Argentina,mechanized,43937140,10822508.685233718,3266830.288381726,0.2463180053420345,1,0
ABW,Aruba,mechanized,NA,0,0,NA,NA,NA
BHS,Bahamas,mechanized,395360.9967382175,0,0,0,NA,NA
BRB,Barbados,mechanized,285718.9999223408,0,0,0,NA,NA
BLZ,Belize,mechanized,374680.971938832,210285.02912990074,53988.59854296238,0.5612375457492688,0.46459414787554243,0.5354058521244576
BOL,Bolivia (Plurinational State of),mechanized,11051597.304626657,1661531.4733779854,401711.12084082,0.15034310675456836,0.8100044730930269,0.18999552690697302
BRA,Brazil,mechanized,209288304.06109858,32631257.955235206,9820971.583725944,0.15591534415467861,0.7135532781338523,0.2864467218661477
VGB,British Virgin Islands,mechanized,NA,0,0,NA,NA,NA
CYM,Cayman Islands,mechanized,NA,0,0,NA,NA,NA
CHL,Chile,mechanized,18054734.725888643,1553586.1094708613,434396.3378900322,0.0860486810278734,0.1429202055584823,0.8570797944415177
COL,Colombia,mechanized,49065610.7595189,4531973.50502492,1241275.0847071712,0.09236557814875873,0.34392547603500695,0.6560745239649931
CRI,Costa Rica,mechanized,4905768.67560216,2765399.8411777243,796212.9031379587,0.5637036770467544,0.7429909161382556,0.25700908386174426
CUB,Cuba,mechanized,11484635.673065167,2953794.124518211,923965.9573254564,0.257195283211789,0.6911026285827068,0.3088973714172932
CUW,Curaçao,mechanized,160538.9906368221,0,0,0,NA,NA
DMA,Dominica,mechanized,NA,0,0,NA,NA,NA
DOM,Dominican Republic,mechanized,10766998.632462569,4692927.406928659,1244049.9810998815,0.43586217172717506,0.8112259990105545,0.1887740009894454
ECU,Ecuador,mechanized,16624857.793386139,3261613.1940138694,808174.9012798275,0.19618893794757364,0.3663187156595065,0.6336812843404935
SLV,El Salvador,mechanized,6377854.293358549,2392499.117661855,539932.2698495092,0.37512602320708965,0.5807097055062111,0.4192902944937888
FLK,Falkland Islands (Malvinas),mechanized,2910.0001199999997,0,0,0,NA,NA
GUF,French Guiana,mechanized,282731.0225627962,0,0,0,NA,NA
GRD,Grenada,mechanized,107824.99244992007,0,0,0,NA,NA
GLP,Guadeloupe,mechanized,449567.97697265766,0,0,0,NA,NA
GTM,Guatemala,mechanized,16913510.41842676,3287338.884338434,608837.1078245048,0.1943617145709135,0.33654687048239645,0.6634531295176036
GUY,Guyana,mechanized,777858.9824454173,356045.9521861401,87387.99977083367,0.45772557779921763,0.3385050805514349,0.661494919448565
HTI,Haiti,mechanized,10981230.415554462,1108901.3295507315,177165.78939552125,0.10098151915472225,0.6655253032335624,0.33447469676643754
HND,Honduras,mechanized,9265068.093262706,3025638.6032969155,634222.8483760055,0.32656409783939677,0.3620254722275487,0.6379745277724513
JAM,Jamaica,mechanized,2890298.553790563,1353109.1218655272,407613.52458996815,0.46815548521482475,0.5245003184646738,0.4754996815353261
MTQ,Martinique,mechanized,384895.9655102225,0,0,0,NA,NA
MEX,Mexico,mechanized,129163259.24036303,16139467.014178075,4068821.994154878,0.12495400866390148,0.3992748209363982,0.6007251790636018
MSR,Montserrat,mechanized,NA,0,0,NA,NA,NA
NIC,Nicaragua,mechanized,6217579.051386828,1676930.2774634943,324907.5205723064,0.26970791422257123,0.7500353915376645,0.24996460846233554
PAN,Panama,mechanized,4098587.5044567515,1459963.9306050944,378840.5036318729,0.3562114823747324,0.612729024224323,0.387270975775677
PRY,Paraguay,mechanized,6811297.743692834,4031692.2267331006,849590.9289732755,0.5919124928089351,0.6345906907687657,0.3654093092312344
PER,Peru,mechanized,32165465.93273383,2653134.6156886173,659564.0056136415,0.08248394788488364,0.4015584047276181,0.5984415952723819
PRI,Puerto Rico,mechanized,3663130.8220668593,0,0,0,NA,NA
KNA,Saint Kitts and Nevis,mechanized,NA,0,0,NA,NA,NA
LCA,Saint Lucia,mechanized,178844.00866326594,121133.80209479158,30757.477450333594,0.6773154046377183,0.1743275763392581,0.8256724236607419
VCT,Saint Vincent and the Grenadines,mechanized,109897.00021055054,0,0,0,NA,NA
SXM,Sint Maarten (Dutch part),mechanized,40120.0040619437,0,0,0,NA,NA
SUR,Suriname,mechanized,563401.9925899322,313987.4372124729,74000.17197012283,0.557306224227372,0.7566015903476061,0.24339840965239382
TTO,Trinidad and Tobago,mechanized,1369124.962115212,0,0,0,NA,NA
TCA,Turks and Caicos Islands,mechanized,35446,0,0,0,NA,NA
VIR,United States Virgin Islands,mechanized,104901.00273760447,0,0,0,NA,NA
URY,Uruguay,mechanized,3456750.3206200795,1002357.3432668716,354925.0116185675,0.2899709988562514,0.8840381809140648,0.1159618190859352
VEN,Venezuela (Bolivarian Republic of),mechanized,31977084.779284958,0,0,0,NA,NA
DZA,Algeria,mechanized,41318123.42142925,2578778.420410187,482751.3464218397,0.06241276725246259,0.27298561375149616,0.7270143862485039
ARM,Armenia,mechanized,2930444.2790202904,523858.6591782652,129304.66582820252,0.17876424504253063,0.01736759753238179,0.9826324024676182
AZE,Azerbaijan,mechanized,9827636.216505077,3283648.2032204587,710244.4288751282,0.3341239063881626,0.4141727615304002,0.5858272384695997
BHR,Bahrain,mechanized,1492584,0,0,0,NA,NA
CYP,Cyprus,mechanized,1179551.0937417878,417753.2876449793,152060.00123802092,0.3541629437346175,0.3738332049580029,0.6261667950419971
EGY,Egypt,mechanized,97553157.01136142,22659422.903304383,5253123.850473597,0.23227769964087763,0.05020105291872917,0.9497989470812708
GEO,Georgia,mechanized,3912058.650758073,751045.8678275273,212730.47896129324,0.1919822617388394,0.2521664947170253,0.7478335052829747
IRQ,Iraq,mechanized,38274617.3528869,15689350.861228622,2020541.377581024,0.40991528972255653,0.6916560890749706,0.3083439109250295
ISR,Israel,mechanized,8321571.158034277,52730.46774,16782.74481400803,0.006336599992789823,0.5464444141587279,0.4535555858412721
JOR,Jordan,mechanized,9702354.115704602,2141932.0715065133,419453.18808752584,0.22076416155946113,0.7903666201721714,0.2096333798278285
KWT,Kuwait,mechanized,NA,0,0,NA,NA,NA
LBN,Lebanon,mechanized,6082357.000000001,0,0,0,NA,NA
LBY,Libya,mechanized,6374619.656595086,0,0,0,NA,NA
MAR,Morocco,mechanized,35739582.13855359,5939711.212822345,1109694.3106362885,0.16619419862816365,0.3065594910004529,0.6934405089995471
OMN,Oman,mechanized,4636262.242827791,2784084.708179093,347241.8430737358,0.600501991121408,0.850148055844802,0.14985194415519787
QAT,Qatar,mechanized,2639209.566797238,0,0,0,NA,NA
SAU,Saudi Arabia,mechanized,32938215.079899818,0,0,0,NA,NA
SDN,Sudan,mechanized,40533342.58961601,7033388.601100819,1108262.2473747823,0.17352106073044812,0.7074592733045378,0.2925407266954622
SYR,Syrian Arab Republic,mechanized,18269868.06350311,2628890.511429145,502808.0282451301,0.14389214537792755,0.08005369022743712,0.9199463097725629
TUN,Tunisia,mechanized,11532128.173141873,2860729.8374953056,545422.5405668002,0.2480660806526497,0.386737163460162,0.6132628365398379
TUR,Turkey,mechanized,80745044.75601278,8796215.668584192,2136880.65181311,0.108938148404818,0.16673789105627537,0.8332621089437247
ARE,United Arab Emirates,mechanized,9400150.819728967,0,0,0,NA,NA
PSE,West Bank and Gaza Strip,mechanized,4920723.466079375,1118986.153638742,221100.6918841334,0.22740277143236887,0.38794572572772545,0.6120542742722747
YEM,Yemen,mechanized,28250423.376752406,3226871.5851810314,454584.1518912983,0.11422383098996175,0.43897173623090396,0.5610282637690961
ASM,American Samoa,mechanized,55641,0,0,0,NA,NA
COK,Cook Islands,mechanized,NA,0,0,NA,NA,NA
FJI,Fiji,mechanized,NA,0,0,NA,NA,NA
PYF,French Polynesia,mechanized,283007.0134989383,0,0,0,NA,NA
GUM,Guam,mechanized,NA,0,0,NA,NA,NA
KIR,Kiribati,mechanized,116398.00802249892,0,0,0,NA,NA
MHL,Marshall Islands,mechanized,53127.00311715643,2408.1163784873347,459.06686659967096,0.045327540369196465,0.7505405094262425,0.2494594905737575
FSM,Micronesia (Federated States of),mechanized,105543.997793472,0,0,0,NA,NA
NRU,Nauru,mechanized,11359.000015433978,3295.0451017554524,517.6114391809808,0.29008232214792923,1,0
NCL,New Caledonia,mechanized,NA,0,0,NA,NA,NA
NIU,Niue,mechanized,1618,0,0,0,NA,NA
MNP,Northern Mariana Islands,mechanized,55143.99435431121,0,0,0,NA,NA
PLW,Palau,mechanized,21728.999990816334,7009.36859865,1398.5009384506861,0.3225812785499783,0.5904744245861375,0.4095255754138624
PNG,Papua New Guinea,mechanized,8251165.611192605,200762.39135669993,36214.90105899549,0.02433139762512683,0.7211840159556044,0.2788159840443955
WSM,Samoa,mechanized,196440.00449179963,122507.27509969594,24442.50673690617,0.6236371019061445,0.19583145530561122,0.8041685446943888
SLB,Solomon Islands,mechanized,611342.8721513482,82039.24852099389,14702.521404124574,0.1341951501492009,0.6668047837439148,0.3331952162560853
TKL,Tokelau,mechanized,NA,0,0,NA,NA,NA
TON,Tonga,mechanized,108019.99731955702,76461.64063702582,15145.332608765857,0.7078470888203071,0.2387102235004248,0.7612897764995753
TUV,Tuvalu,mechanized,11191.999891473786,1469.5681147095,279.3429270139079,0.13130522953534304,0.3912731724304354,0.6087268275695645
VUT,Vanuatu,mechanized,276244.005072261,60050.58701942452,8027.5644256592095,0.217382408004533,0.5202929560000764,0.4797070439999237
WLF,Wallis and Futuna Islands,mechanized,11900,0,0,0,NA,NA
AGO,Angola,mechanized,29784196.593882326,6346463.837922998,1054451.4148499693,0.21308158566300095,0.9709353609661777,0.02906463903382238
BEN,Benin,mechanized,11175688.255369607,1382203.8627950433,177316.13407964038,0.12367952927918625,0.862693181902854,0.137306818097146
BWA,Botswana,mechanized,2291660.9615384615,1288772.8559889435,350499.4532579401,0.5623750099245707,0.8063328395254338,0.19366716047456628
BFA,Burkina Faso,mechanized,19193338.94925281,2808902.963216369,297667.84609268734,0.1463478017370041,0.9362300286713058,0.0637699713286943
BDI,Burundi,mechanized,10864239.920058692,1805983.0271997687,301795.83803479257,0.16623188004762068,0.418758468411617,0.581241531588383
CIV,CÃ´te d'Ivoire,mechanized,24294753.938055202,4243858.5474887695,641969.7212976788,0.1746820963204409,0.8625378949766372,0.13746210502336279
CPV,Cabo Verde,mechanized,546388.0174999244,200788.9064464748,39458.987593088554,0.3674840955795715,0.6611752616987763,0.33882473830122367
CMR,Cameroon,mechanized,24053722.80135783,5318024.885226519,833149.0645697113,0.22108947247560018,0.9497999899844339,0.05020001001556598
CAF,Central African Republic,mechanized,NA,0,0,NA,NA,NA
TCD,Chad,mechanized,14899995.708580084,761574.8430740484,90957.6072706259,0.051112420296570926,0.9669731080066359,0.03302689199336404
COM,Comoros,mechanized,813911.4018581461,162880.63108199107,24875.54543544379,0.2001208371207693,0.4436234801549912,0.5563765198450088
COG,Congo,mechanized,5260749.268979484,1389743.285315394,187326.8394797458,0.26417211964655857,0.9852912992573862,0.014708700742613745
COD,Democratic Republic of the Congo,mechanized,81340045.87200467,10046930.655661143,1190683.0608070802,0.1235176418694283,0.9170136008675085,0.08298639913249149
DJI,Djibouti,mechanized,956984.8438145743,431402.4969921114,83604.88475796336,0.4507934475456542,0.9796880866195686,0.02031191338043131
GNQ,Equatorial Guinea,mechanized,1267689.4190510977,260370.42583865358,48945.64471958538,0.20538976024076022,0.8690282727888948,0.1309717272111051
ERI,Eritrea,mechanized,NA,0,0,NA,NA,NA
SWZ,Eswatini,mechanized,1367255.194847844,450764.6889474432,74777.08339540137,0.329685848440025,0.298403115860256,0.701596884139744
ETH,Ethiopia,mechanized,104957569.24398701,7268134.686405737,973824.6999356803,0.06924831375915393,0.9002129932464268,0.09978700675357324
GAB,Gabon,mechanized,2025137.0059883092,540724.8609902151,99362.0638392415,0.2670065577742628,0.9675740035259246,0.03242599647407532
GMB,Gambia,mechanized,2100567.7795368005,757933.8442896423,66628.38140679486,0.36082332199572037,0.805604841180064,0.19439515881993585
GHA,Ghana,mechanized,28833620.268165432,4874058.838732913,718851.2517902785,0.169040820868209,0.7715264099920907,0.22847359000790923
GIN,Guinea,mechanized,12717180.620669585,1948228.900348574,187261.51620998286,0.15319660532162796,0.9194830876365303,0.08051691236346961
GNB,Guinea-Bissau,mechanized,1861283.465058456,358561.60422704247,52468.679570546454,0.19264212623077345,0.8515827068322185,0.14841729316778146
KEN,Kenya,mechanized,49699904.288884364,5997630.377368476,1127909.4813874592,0.12067689994948093,0.5995603998535959,0.4004396001464042
LSO,Lesotho,mechanized,2233347.2968262336,688419.1453294117,157383.82423528878,0.30824545125951114,0.5084105933051716,0.4915894066948284
LBR,Liberia,mechanized,4731905.407425473,105164.37271445381,13224.43542361739,0.022224529795001006,1,0
MDG,Madagascar,mechanized,25570894.828186814,2265165.9821794834,278684.46518231835,0.08858375889460816,0.8641521371339246,0.13584786286607536
MWI,Malawi,mechanized,18622123.56626787,1351106.2469825668,222735.22410109505,0.07255382245610065,0.7096780000992959,0.2903219999007042
MLI,Mali,mechanized,18541999.40482041,4305005.975073039,594164.9134535566,0.23217593103545542,0.872690359414674,0.12730964058532607
MRT,Mauritania,mechanized,4420182.997007927,1049154.6965088816,198560.4532312582,0.23735548895126438,0.859626211441128,0.1403737885588719
MUS,Mauritius,mechanized,1265137.0977841427,722242.2882947129,202287.51539061608,0.5708806496621615,0.27267659581499853,0.7273234041850015
MYT,Mayotte,mechanized,NA,0,0,NA,NA,NA
MOZ,Mozambique,mechanized,29668814.879078306,3871742.1453944114,798471.8399274102,0.13049871257664106,0.9015090891660513,0.09849091083394863
NAM,Namibia,mechanized,2533795.1763287843,154172.18382441055,31057.567974044803,0.06084634830183496,0.38782682522683315,0.6121731747731668
NER,Niger,mechanized,21477381.84057851,1993897.3397108524,241748.1446252432,0.09283707644214166,0.8061459453988503,0.19385405460114968
NGA,Nigeria,mechanized,190886295.59758583,8652232.918995595,1338835.952241502,0.0453266322336501,0.7700470884402356,0.22995291155976436
REU,Réunion,mechanized,876561.9461389979,0,0,0,NA,NA
RWA,Rwanda,mechanized,12208457.460714782,2739298.8121898165,546396.2299490052,0.22437714355024144,0.3536407498918556,0.6463592501081443
SHN,Saint Helena,mechanized,4048.999790356394,0,0,0,NA,NA
STP,Sao Tome and Principe,mechanized,204327.32937399784,49693.30807400645,11881.48599639692,0.24320441238209756,0.8081677235705035,0.19183227642949657
SEN,Senegal,mechanized,15850567.010644754,5411265.774104926,542442.6875515996,0.3413925678791734,0.6537957458315161,0.3462042541684839
SYC,Seychelles,mechanized,94736.9972789337,0,0,0,NA,NA
SLE,Sierra Leone,mechanized,7557213.635929482,812075.5934336127,76173.55497403779,0.10745701161241995,0.8045856933777457,0.19541430662225429
SOM,Somalia,mechanized,14742509.838527326,2595492.6944741122,432809.0553921909,0.17605500846885538,0.9162553711022731,0.08374462889772696
ZAF,South Africa,mechanized,56717190.837702796,10779501.417623317,3086040.0110225133,0.19005704017445157,0.2418437600971313,0.7581562399028687
SSD,South Sudan,mechanized,12575720.023801042,94097.65264438259,12069.829328945483,0.007482486288362942,0.8103086810285844,0.18969131897141558
TGO,Togo,mechanized,7797694.3391137635,926672.0994329666,117191.29134880929,0.1188392439012025,0.9254224216111551,0.07457757838884492
UGA,Uganda,mechanized,42863017.97041767,3361647.592611302,462115.6182027379,0.07842769249079419,0.775257034024163,0.22474296597583696
TZA,United Republic of Tanzania,mechanized,57310008.8286023,8779266.468944183,1309227.2715169499,0.15318906153374423,0.7657755761266024,0.2342244238733975
ZMB,Zambia,mechanized,17094116.566256963,1913750.49785408,256321.70369578843,0.11195375265146722,0.9583236399796815,0.04167636002031852
ZWE,Zimbabwe,mechanized,16529889.786516318,1008775.5726467145,172661.0059985607,0.06102736229188824,0.5918571133000087,0.4081428866999914
AFG,Afghanistan,non-mechanized,35530085.16530559,14544444.023260664,1599720.4497615816,0.4093557320673979,0.3082021489637636,0.6917978510362365
BGD,Bangladesh,non-mechanized,164669683.37243107,95629448.12154791,14713956.490865482,0.5807349972566848,0.30355443908287366,0.6964455609171264
BTN,Bhutan,non-mechanized,807610.0210778456,147934.8533263796,26461.835956347997,0.18317609918824937,0.42032194932924355,0.5796780506707564
IND,India,non-mechanized,1339180290.6450965,550029321.6929336,107852307.86455937,0.41072089063376144,0.25751541609656725,0.7424845839034329
IRN,Iran (Islamic Republic of),non-mechanized,81162560.0499435,18232767.372898802,4819563.374953346,0.22464505015217903,0.5901790166835708,0.40982098331642935
KAZ,Kazakhstan,non-mechanized,18204492.203759845,5129099.2469013315,1453856.7972442992,0.28174909739267534,0.21965420276528952,0.7803457972347104
KGZ,Kyrgyzstan,non-mechanized,6045077.406228689,1777108.7414096324,415294.0411645771,0.29397617631472284,0.2047427404660146,0.7952572595339854
MDV,Maldives,non-mechanized,436330.02510366763,154381.6874562026,28822.151564758904,0.3538186202508596,0,1
NPL,Nepal,non-mechanized,29304995.49611164,13328697.836420933,2777905.8156297733,0.4548268174342311,0.18027480626584516,0.8197251937341548
PAK,Pakistan,non-mechanized,197015965.11590356,73815671.54872485,9520908.537421921,0.3746684767668419,0.13543966055987064,0.8645603394401293
LKA,Sri Lanka,non-mechanized,20876967.247702222,14216199.465364205,2691203.1783887683,0.6809513707949549,0.10179068403055554,0.8982093159694444
TJK,Tajikistan,non-mechanized,8921363.716258632,4170173.893650838,656926.4717775115,0.4674368209033956,0.08457717429864571,0.9154228257013544
TKM,Turkmenistan,non-mechanized,5758083.429579293,2594267.5938562583,499016.82758793887,0.45054359242686504,0.21519049864399978,0.7848095013560002
UZB,Uzbekistan,non-mechanized,31910638.871927045,12627346.214573402,2408844.029309232,0.3957096022192818,0.24048981203641773,0.7595101879635823
BRN,Brunei Darussalam,non-mechanized,NA,0,0,NA,NA,NA
KHM,Cambodia,non-mechanized,16005372.51318531,6651828.854886866,1327866.191613374,0.4155997524835523,0.11431066976317156,0.8856893302368284
CHN,China,non-mechanized,1409515977.5462778,198408533.00342157,56011248.694717176,0.14076359272550876,0.225333751059166,0.7746662489408339
HKG,"China, Hong Kong Special Administrative Region",non-mechanized,7364882.919078801,65616.9741775,22553.818458482223,0.008909438873429825,1,0
MAC,"China, Macao Special Administrative Region",non-mechanized,NA,0,0,NA,NA,NA
PRK,Democratic People's Republic of Korea,non-mechanized,25490969.290557317,5342327.5474493485,1350653.3925657743,0.2095772619140191,0.31182342955597503,0.6881765704440249
IDN,Indonesia,non-mechanized,263991374.801031,167695805.96782523,37989341.5993852,0.6352321400432751,0.5927646528293058,0.40723534717069426
JPN,Japan,non-mechanized,127484455.18635967,0,0,0,NA,NA
LAO,Lao People's Democratic Republic,non-mechanized,6858159.411277301,3106490.238486653,785396.8311957859,0.4529626758716715,0.27885091660083866,0.7211490833991613
MYS,Malaysia,non-mechanized,31624266.45510674,0,0,0,NA,NA
MNG,Mongolia,non-mechanized,3075681.3066407247,1624894.133879065,293319.9626265058,0.5283038038989101,0.6425041692563209,0.3574958307436791
MMR,Myanmar,non-mechanized,53370580.70587838,31290993.73966505,6785749.295954727,0.5862966699220977,0.2599323810617875,0.7400676189382125
PHL,Philippines,non-mechanized,104918090.95197149,63807496.15314741,12003167.465937916,0.6081648605516151,0.44493207690404724,0.5550679230959528
KOR,Republic of Korea,non-mechanized,50982210.19734423,0,0,0,NA,NA
SGP,Singapore,non-mechanized,5708844,0,0,0,NA,NA
THA,Thailand,non-mechanized,69037511.90450084,30090784.096620508,8073769.364566671,0.43586136386613844,0.34679526038144154,0.6532047396185584
TLS,Timor-Leste,non-mechanized,1296311.2173765858,326655.7944914043,50629.12047684597,0.25198871236528764,0.3316385863407736,0.6683614136592264
VNM,Viet Nam,non-mechanized,95540797.89708887,54614084.97738172,13980443.271861497,0.5716310328097628,0.22999976509879538,0.7700002349012045
AIA,Anguilla,non-mechanized,14908.999999999998,3921.8530738124996,1056.4407538492774,0.2630527247845261,1,0
ATG,Antigua and Barbuda,non-mechanized,102011.99457736852,0,0,0,NA,NA
ARG,Argentina,non-mechanized,43937140,3905087.225286282,1178770.80050246,0.08887895810438008,1,0
ABW,Aruba,non-mechanized,NA,0,0,NA,NA,NA
BHS,Bahamas,non-mechanized,395360.9967382175,0,0,0,NA,NA
BRB,Barbados,non-mechanized,285718.9999223408,0,0,0,NA,NA
BLZ,Belize,non-mechanized,374680.971938832,119393.8870000993,30452.756806287183,0.3186547915211205,0.3257649625761646,0.6742350374238354
BOL,Bolivia (Plurinational State of),non-mechanized,11051597.304626657,1642704.3226120146,408256.4428524369,0.14863953846059072,0.42363723654323726,0.5763627634567627
BRA,Brazil,non-mechanized,209288304.06109858,13588999.3898548,4085671.6141485656,0.06492956904981989,0.5818937222341775,0.4181062777658225
VGB,British Virgin Islands,non-mechanized,NA,0,0,NA,NA,NA
CYM,Cayman Islands,non-mechanized,NA,0,0,NA,NA,NA
CHL,Chile,non-mechanized,18054734.725888643,536922.8861591386,150128.36047840002,0.029738619498476823,0.1395382694665315,0.8604617305334685
COL,Colombia,non-mechanized,49065610.7595189,4009486.294865079,1098937.2923390628,0.08171683247797389,0.15597936078424982,0.8440206392157502
CRI,Costa Rica,non-mechanized,4905768.67560216,931301.5145522759,268138.5255883867,0.18983804091373366,0.7456130413237917,0.2543869586762083
CUB,Cuba,non-mechanized,11484635.673065167,2321146.5378317893,730260.0345466656,0.2021088525494594,0.4831595870680793,0.5168404129319206
CUW,Curaçao,non-mechanized,160538.9906368221,0,0,0,NA,NA
DMA,Dominica,non-mechanized,NA,0,0,NA,NA,NA
DOM,Dominican Republic,non-mechanized,10766998.632462569,3135699.514831341,826655.5535413254,0.29123246151227206,0.7096017494520575,0.2903982505479426
ECU,Ecuador,non-mechanized,16624857.793386139,2296553.456756131,568621.7623479454,0.13813973540692587,0.18797475415638884,0.8120252458436111
SLV,El Salvador,non-mechanized,6377854.293358549,1287846.337108145,288236.80207621015,0.20192470349302558,0.44202398436523366,0.5579760156347664
FLK,Falkland Islands (Malvinas),non-mechanized,2910.0001199999997,0,0,0,NA,NA
GUF,French Guiana,non-mechanized,282731.0225627962,0,0,0,NA,NA
GRD,Grenada,non-mechanized,107824.99244992007,0,0,0,NA,NA
GLP,Guadeloupe,non-mechanized,449567.97697265766,0,0,0,NA,NA
GTM,Guatemala,non-mechanized,16913510.41842676,2601017.5149615663,479194.7966216859,0.1537834222828063,0.19013604596896197,0.8098639540310381
GUY,Guyana,non-mechanized,777858.9824454173,374153.7236838599,91191.13833586925,0.48100456783002365,0.17265534195191273,0.8273446580480873
HTI,Haiti,non-mechanized,10981230.415554462,5634626.298279268,898124.5501140585,0.5131142945783244,0.7114137015828007,0.2885862984171993
HND,Honduras,non-mechanized,9265068.093262706,1614252.984413084,338787.6638381127,0.17423001840503718,0.2624819319293922,0.7375180680706078
JAM,Jamaica,non-mechanized,2890298.553790563,852262.853524473,257728.51936126818,0.29487017955523975,0.3562540224514868,0.6437459775485131
MTQ,Martinique,non-mechanized,384895.9655102225,0,0,0,NA,NA
MEX,Mexico,non-mechanized,129163259.24036303,7356601.457531925,1849795.0340906088,0.05695583636397598,0.314812181103545,0.6851878188964551
MSR,Montserrat,non-mechanized,NA,0,0,NA,NA,NA
NIC,Nicaragua,non-mechanized,6217579.051386828,1787736.5071265055,345612.9523004647,0.28752935706185384,0.2776782814427226,0.7223217185572774
PAN,Panama,non-mechanized,4098587.5044567515,671632.4347449057,173360.43483698962,0.16386924373691697,0.4748838860779162,0.5251161139220837
PRY,Paraguay,non-mechanized,6811297.743692834,1711429.0683469,361021.0637838637,0.2512632882524713,0.5546028627567913,0.4453971372432086
PER,Peru,non-mechanized,32165465.93273383,1992729.826871382,498950.93685418693,0.06195246265167391,0.23539837422061777,0.7646016257793822
PRI,Puerto Rico,non-mechanized,3663130.8220668593,0,0,0,NA,NA
KNA,Saint Kitts and Nevis,non-mechanized,NA,0,0,NA,NA,NA
LCA,Saint Lucia,non-mechanized,178844.00866326594,47263.50103520844,12020.187145035767,0.26427220787808386,0.15044298205413897,0.849557017945861
VCT,Saint Vincent and the Grenadines,non-mechanized,109897.00021055054,0,0,0,NA,NA
SXM,Sint Maarten (Dutch part),non-mechanized,40120.0040619437,0,0,0,NA,NA
SUR,Suriname,non-mechanized,563401.9925899322,213840.7182875272,50010.99090615507,0.37955264819797957,0.5753008173142186,0.4246991826857815
TTO,Trinidad and Tobago,non-mechanized,1369124.962115212,0,0,0,NA,NA
TCA,Turks and Caicos Islands,non-mechanized,35446,0,0,0,NA,NA
VIR,United States Virgin Islands,non-mechanized,104901.00273760447,0,0,0,NA,NA
URY,Uruguay,non-mechanized,3456750.3206200795,336764.6743431284,119251.90713825477,0.09742233112246268,0.8770933432927243,0.12290665670727578
VEN,Venezuela (Bolivarian Republic of),non-mechanized,31977084.779284958,0,0,0,NA,NA
DZA,Algeria,non-mechanized,41318123.42142925,2496441.765599813,465886.65927148686,0.0604200181149819,0.17721303180445575,0.8227869681955443
ARM,Armenia,non-mechanized,2930444.2790202904,190133.97700173478,46930.42556157354,0.06488230414853703,0.016217583422822923,0.983782416577177
AZE,Azerbaijan,non-mechanized,9827636.216505077,2200898.5545995417,477266.55450694705,0.22394994138094274,0.21875512307083517,0.7812448769291648
BHR,Bahrain,non-mechanized,1492584,0,0,0,NA,NA
CYP,Cyprus,non-mechanized,1179551.0937417878,141085.8329150207,51354.501717188585,0.11960976821060487,0.37568151516573656,0.6243184848342633
EGY,Egypt,non-mechanized,97553157.01136142,8173376.537475615,1894754.4167744317,0.0837838239978611,0.049065695294299216,0.9509343047057008
GEO,Georgia,non-mechanized,3912058.650758073,786881.1745024726,223257.67089715519,0.20114247887106496,0.09382681126525559,0.9061731887347445
IRQ,Iraq,non-mechanized,38274617.3528869,10953780.490301376,1409703.9674487675,0.2861891574070871,0.5725940066957671,0.4274059933042329
ISR,Israel,non-mechanized,8321571.158034277,17576.82258,5594.2482713360105,0.0021121999975966077,0.5464444141587279,0.4535555858412721
JOR,Jordan,non-mechanized,9702354.115704602,1159989.6934934868,227180.08070539794,0.11955755063772441,0.7328552677263873,0.2671447322736127
KWT,Kuwait,non-mechanized,NA,0,0,NA,NA,NA
LBN,Lebanon,non-mechanized,6082357.000000001,0,0,0,NA,NA
LBY,Libya,non-mechanized,6374619.656595086,0,0,0,NA,NA
MAR,Morocco,non-mechanized,35739582.13855359,7231944.596417656,1355236.9936752894,0.20235112342335682,0.10499323732286624,0.8950067626771337
OMN,Oman,non-mechanized,4636262.242827791,1352743.5010509072,168719.41616250516,0.29177458698406794,0.7534618141225462,0.24653818587745388
QAT,Qatar,non-mechanized,2639209.566797238,0,0,0,NA,NA
SAU,Saudi Arabia,non-mechanized,32938215.079899818,0,0,0,NA,NA
SDN,Sudan,non-mechanized,40533342.58961601,10754427.295529183,1679766.9893319122,0.26532298124074016,0.4369436543943434,0.5630563456056565
SYR,Syrian Arab Republic,non-mechanized,18269868.06350311,2298457.9091908555,439621.81458867755,0.12580593911252053,0.07183613626160695,0.928163863738393
TUN,Tunisia,non-mechanized,11532128.173141873,1658452.6858746945,312827.5705520068,0.1438115030439223,0.2291709368969792,0.7708290631030208
TUR,Turkey,non-mechanized,80745044.75601278,2995714.016455806,727802.5025031741,0.037100902296951496,0.17233412793684894,0.827665872063151
ARE,United Arab Emirates,non-mechanized,9400150.819728967,0,0,0,NA,NA
PSE,West Bank and Gaza Strip,non-mechanized,4920723.466079375,1259832.990601258,249136.51936587776,0.25602596839383857,0.6930990808238883,0.3069009191761117
YEM,Yemen,non-mechanized,28250423.376752406,6739249.541468969,937901.7914069736,0.23855393073559292,0.15354356851777337,0.8464564314822267
ASM,American Samoa,non-mechanized,55641,0,0,0,NA,NA
COK,Cook Islands,non-mechanized,NA,0,0,NA,NA,NA
FJI,Fiji,non-mechanized,NA,0,0,NA,NA,NA
PYF,French Polynesia,non-mechanized,283007.0134989383,0,0,0,NA,NA
GUM,Guam,non-mechanized,NA,0,0,NA,NA,NA
KIR,Kiribati,non-mechanized,116398.00802249892,0,0,0,NA,NA
MHL,Marshall Islands,non-mechanized,53127.00311715643,23920.185091512663,4551.530732913503,0.45024533077394796,0.6992497567448674,0.3007502432551325
FSM,Micronesia (Federated States of),non-mechanized,105543.997793472,0,0,0,NA,NA
NRU,Nauru,non-mechanized,11359.000015433978,5022.577988244549,788.9858076628295,0.44216726660974986,1,0
NCL,New Caledonia,non-mechanized,NA,0,0,NA,NA,NA
NIU,Niue,non-mechanized,1618,0,0,0,NA,NA
MNP,Northern Mariana Islands,non-mechanized,55143.99435431121,0,0,0,NA,NA
PLW,Palau,non-mechanized,21728.999990816334,2454.8279813500003,489.78437748504024,0.1129747334155977,0.5620017534757353,0.43799824652426456
PNG,Papua New Guinea,non-mechanized,8251165.611192605,730818.3421533002,130959.92494776647,0.08857152753811583,0.27843683564231075,0.7215631643576893
WSM,Samoa,non-mechanized,196440.00449179963,69880.73653030406,13942.521960690985,0.3557357713928439,0.16490595225344196,0.8350940477465582
SLB,Solomon Islands,non-mechanized,611342.8721513482,115172.70866900608,21006.612135777043,0.1883929852060059,0.4233828098250474,0.5766171901749526
TKL,Tokelau,non-mechanized,NA,0,0,NA,NA,NA
TON,Tonga,non-mechanized,108019.99731955702,25583.593642974178,5067.546259830011,0.236841272707033,0.23997708687858382,0.7600229131214161
TUV,Tuvalu,non-mechanized,11191.999891473786,507.8209552905,96.55186834357013,0.04537356685263773,0.3837988953084979,0.616201104691502
VUT,Vanuatu,non-mechanized,276244.005072261,96153.89109057547,12680.732743148425,0.3480759376675818,0.2271949465835502,0.7728050534164498
WLF,Wallis and Futuna Islands,non-mechanized,11900,0,0,0,NA,NA
AGO,Angola,non-mechanized,29784196.593882326,10741485.774477001,1817689.8823381267,0.3606437978146875,0.7458808253151119,0.25411917468488804
BEN,Benin,non-mechanized,11175688.255369607,2484509.505694957,320076.2012872606,0.22231378049590989,0.7015061747286058,0.2984938252713942
BWA,Botswana,non-mechanized,2291660.9615384615,578096.4561210566,155396.26818825607,0.25226089976807164,0.6793411529319142,0.32065884706808573
BFA,Burkina Faso,non-mechanized,19193338.94925281,6036239.188453631,611433.2995043567,0.3144965659395401,0.34575460043154577,0.6542453995684543
BDI,Burundi,non-mechanized,10864239.920058692,4381909.162380232,809089.4539724381,0.40333324692967193,0.08482923963000093,0.915170760369999
CIV,CÃ´te d'Ivoire,non-mechanized,24294753.938055202,7407681.346111231,1103284.3597091096,0.30490867966799484,0.5616686508140132,0.43833134918598676
CPV,Cabo Verde,non-mechanized,546388.0174999244,105088.48989352517,20771.44263849905,0.19233307929110965,0.49570261411902233,0.5042973858809777
CMR,Cameroon,non-mechanized,24053722.80135783,8474586.69065348,1334099.0955232566,0.3523191300007453,0.7109244906621287,0.2890755093378713
CAF,Central African Republic,non-mechanized,NA,0,0,NA,NA,NA
TCD,Chad,non-mechanized,14899995.708580084,1460184.9732159516,176746.11840440775,0.09799901971616755,0.7708500903238339,0.22914990967616605
COM,Comoros,non-mechanized,813911.4018581461,193173.9438280089,29541.212062389553,0.23734026011553103,0.2812428414151815,0.7187571585848186
COG,Congo,non-mechanized,5260749.268979484,1378272.0429646063,187251.88979126172,0.2619915857027668,0.8257069167270282,0.17429308327297172
COD,Democratic Republic of the Congo,non-mechanized,81340045.87200467,23040074.18094886,2977452.7118054265,0.2832562231057053,0.44747619163747954,0.5525238083625204
DJI,Djibouti,non-mechanized,956984.8438145743,190036.89882788865,36798.06781546317,0.19857879678678617,0.8036708396679062,0.19632916033209388
GNQ,Equatorial Guinea,non-mechanized,1267689.4190510977,570981.5061313465,107886.45330267519,0.4504111950060628,0.7018676346514419,0.29813236534855825
ERI,Eritrea,non-mechanized,NA,0,0,NA,NA,NA
SWZ,Eswatini,non-mechanized,1367255.194847844,572434.9898625568,98097.42460627748,0.41867457664058144,0.09562647105385198,0.904373528946148
ETH,Ethiopia,non-mechanized,104957569.24398701,6944462.787244262,1065108.9108044137,0.06616447805780439,0.49894662712815513,0.5010533728718449
GAB,Gabon,non-mechanized,2025137.0059883092,293957.0367397849,55087.043277870995,0.145154148025816,0.7314891891703312,0.26851081082966893
GMB,Gambia,non-mechanized,2100567.7795368005,580476.5621103578,51896.29487217758,0.276342695420359,0.6194872814135812,0.38051271858641883
GHA,Ghana,non-mechanized,28833620.268165432,13986144.244587088,2047235.778043436,0.4850637594068922,0.628984369262945,0.371015630737055
GIN,Guinea,non-mechanized,12717180.620669585,4532766.803691426,455459.19626108813,0.3564285936400239,0.41598335176634255,0.5840166482336574
GNB,Guinea-Bissau,non-mechanized,1861283.465058456,258163.8680829575,38086.320454807756,0.13870206925996065,0.6924021394767471,0.30759786052325283
KEN,Kenya,non-mechanized,49699904.288884364,16762536.774831526,3385044.4897487536,0.337275031303844,0.24885464631905688,0.7511453536809432
LSO,Lesotho,non-mechanized,2233347.2968262336,677633.3275905884,166100.2899120636,0.3034160108253472,0.26128572551173,0.73871427448827
LBR,Liberia,non-mechanized,4731905.407425473,1956066.7221255463,232565.24437605368,0.41337823851170336,0.7202652488635916,0.27973475113640844
MDG,Madagascar,non-mechanized,25570894.828186814,4064407.668550517,491353.54215630353,0.158946634283221,0.4415860409363428,0.5584139590636572
MWI,Malawi,non-mechanized,18622123.56626787,5638002.639097434,980159.0283490557,0.3027583089025419,0.10817734409173387,0.8918226559082663
MLI,Mali,non-mechanized,18541999.40482041,5523476.54371696,824936.3184943757,0.2978900183914906,0.43122349204697624,0.5687765079530238
MRT,Mauritania,non-mechanized,4420182.997007927,1310377.4196311184,244110.56256264256,0.29645320578766265,0.7121459327016648,0.2878540672983352
MUS,Mauritius,non-mechanized,1265137.0977841427,242244.773895287,67848.52401358119,0.19147709313051758,0.2719004898848074,0.7280995101151926
MYT,Mayotte,non-mechanized,NA,0,0,NA,NA,NA
MOZ,Mozambique,non-mechanized,29668814.879078306,5968370.026575589,1248613.840012745,0.20116644533665992,0.45984083789529295,0.540159162104707
NAM,Namibia,non-mechanized,2533795.1763287843,131378.48722558946,27021.799597861365,0.05185047649192534,0.1672198531359863,0.8327801468640136
NER,Niger,non-mechanized,21477381.84057851,2866806.645259147,350990.31564447616,0.1334802661953291,0.34132297845712894,0.6586770215428711
NGA,Nigeria,non-mechanized,190886295.59758583,86143429.8587544,13626534.986889526,0.45128137454328526,0.628784532253983,0.37121546774601705
REU,Réunion,non-mechanized,876561.9461389979,0,0,0,NA,NA
RWA,Rwanda,non-mechanized,12208457.460714782,7003537.861200184,1474961.705769065,0.5736627975922963,0.10773577216444451,0.8922642278355555
SHN,Saint Helena,non-mechanized,4048.999790356394,0,0,0,NA,NA
STP,Sao Tome and Principe,non-mechanized,204327.32937399784,20267.23958599355,4847.069904086171,0.09919005767895435,0.7014770066155281,0.2985229933844719
SEN,Senegal,non-mechanized,15850567.010644754,4125960.7721750746,419998.9459210043,0.260303670487258,0.4685784619753719,0.531421538024628
SYC,Seychelles,non-mechanized,94736.9972789337,0,0,0,NA,NA
SLE,Sierra Leone,non-mechanized,7557213.635929482,2897308.494956387,265698.7353415437,0.3833831666715929,0.5691860960656507,0.4308139039343492
SOM,Somalia,non-mechanized,14742509.838527326,3645060.379325888,615254.2067192858,0.24724829213273256,0.501883704313208,0.49811629568679194
ZAF,South Africa,non-mechanized,56717190.837702796,7513083.121896683,2173798.2435972486,0.13246571296867465,0.12358272088506088,0.8764172791149392
SSD,South Sudan,non-mechanized,12575720.023801042,2294838.5000456176,280499.0867860972,0.18248167863966147,0.5363217459369707,0.4636782540630293
TGO,Togo,non-mechanized,7797694.3391137635,2375059.0237470334,307701.82074953715,0.3045847811491631,0.7166492353684508,0.28335076463154907
UGA,Uganda,non-mechanized,42863017.97041767,11849698.883578697,1801767.3288908084,0.27645507583616447,0.3298141214106015,0.6701858785893985
TZA,United Republic of Tanzania,non-mechanized,57310008.8286023,17729891.54920582,2841520.3054631385,0.3093681524675875,0.481003932474551,0.518996067525449
ZMB,Zambia,non-mechanized,17094116.566256963,4042106.4982159194,608221.8014853355,0.23646185414430018,0.4335022202227856,0.5664977797772144
ZWE,Zimbabwe,non-mechanized,16529889.786516318,5372028.995953285,990919.6492530587,0.32498879698129207,0.08797333351732753,0.9120266664826725
AFG,Afghanistan,unemptiable,35530085.16530559,12086704.16672,1351492.968895493,0.34018224584844003,0.1213688445382121,0.8786311554617879
BGD,Bangladesh,unemptiable,164669683.37243107,47953053.298700005,7439355.202089975,0.2912075393394986,0.21595391500650782,0.7840460849934922
BTN,Bhutan,unemptiable,807610.0210778456,175250.52536,31770.40359938465,0.21699894848519666,0.2317173142652883,0.7682826857347117
IND,India,unemptiable,1339180290.6450965,29766171.74801,5844783.058527001,0.022227157878549224,0.23928649634181395,0.760713503658186
IRN,Iran (Islamic Republic of),unemptiable,81162560.0499435,1500181.22907,391066.56296793796,0.01848366079318914,0.4077608192639616,0.5922391807360384
KAZ,Kazakhstan,unemptiable,18204492.203759845,17065.968569999997,4818.153670346039,9.374591929828889e-4,0.5169085512970684,0.48309144870293175
KGZ,Kyrgyzstan,unemptiable,6045077.406228689,8104.78484,1822.2605466877799,0.0013407247410345885,1,0
MDV,Maldives,unemptiable,436330.02510366763,0,0,0,NA,NA
NPL,Nepal,unemptiable,29304995.49611164,811667.3455800001,170768.6924014965,0.02769723495394145,0.06798891199764409,0.9320110880023559
PAK,Pakistan,unemptiable,197015965.11590356,38455386.20042,5053800.216546208,0.1951891877279939,0.3269112559405969,0.6730887440594031
LKA,Sri Lanka,unemptiable,20876967.247702222,122717.61399,23353.70075598037,0.005878134143430562,0.9143841160336106,0.08561588396638936
TJK,Tajikistan,unemptiable,8921363.716258632,44739.44795,7034.583100665539,0.005014866490474447,0.17155148178353863,0.8284485182164614
TKM,Turkmenistan,unemptiable,5758083.429579293,1574.38,303.50992012802067,2.734208385923005e-4,0,1
UZB,Uzbekistan,unemptiable,31910638.871927045,0,0,0,NA,NA
BRN,Brunei Darussalam,unemptiable,NA,0,NA,NA,NA,NA
KHM,Cambodia,unemptiable,16005372.51318531,408905.9309,81037.08376426315,0.025548042106682687,0,1
CHN,China,unemptiable,1409515977.5462778,127306799.78412,35936401.88898778,0.09031951521808146,0.1814485891666519,0.8185514108333481
HKG,"China, Hong Kong Special Administrative Region",unemptiable,7364882.919078801,262467.89671,90215.27383392889,0.0356377554937193,1,0
MAC,"China, Macao Special Administrative Region",unemptiable,NA,0,NA,NA,NA,NA
PRK,Democratic People's Republic of Korea,unemptiable,25490969.290557317,3954004.45632,999524.5711168624,0.1551139311828637,0.32380727598157816,0.6761927240184219
IDN,Indonesia,unemptiable,263991374.801031,13075134.722280001,2950661.5434992984,0.049528643623810306,0.39706868475804763,0.6029313152419524
JPN,Japan,unemptiable,127484455.18635967,0,NA,0,NA,NA
LAO,Lao People's Democratic Republic,unemptiable,6858159.411277301,142594.2427,35984.36175778961,0.020791911378659902,0.10387303953892382,0.8961269604610761
MYS,Malaysia,unemptiable,31624266.45510674,135341.3879,29696.039868958207,0.004279668845192925,0.2423832169080335,0.7576167830919665
MNG,Mongolia,unemptiable,3075681.3066407247,98413.75982,17684.926171637446,0.031997385297206894,0.5383944207284733,0.4616055792715267
MMR,Myanmar,unemptiable,53370580.70587838,9015280.24901,1955819.0332857645,0.1689185339521148,0.19902120946456778,0.8009787905354322
PHL,Philippines,unemptiable,104918090.95197149,3668008.27825,691583.9109786435,0.03496068452035703,0.30660693459954846,0.6933930654004515
KOR,Republic of Korea,unemptiable,50982210.19734423,0,NA,0,NA,NA
SGP,Singapore,unemptiable,5708844,0,NA,0,NA,NA
THA,Thailand,unemptiable,69037511.90450084,38716.35364,10432.92064448185,5.608016942087381e-4,1,0
TLS,Timor-Leste,unemptiable,1296311.2173765858,231887.50253,36110.72868665652,0.17888258577232952,0.15286155365537285,0.8471384463446272
VNM,Viet Nam,unemptiable,95540797.89708887,9301491.6698,2373847.2567034555,0.09735622764862231,0.06510158639888566,0.9348984136011144
AIA,Anguilla,unemptiable,14908.999999999998,56.34355,15.177422844828943,0.00377916359246093,1,0
ATG,Antigua and Barbuda,unemptiable,102011.99457736852,0,NA,0,NA,NA
ARG,Argentina,unemptiable,43937140,0,NA,0,NA,NA
ABW,Aruba,unemptiable,NA,0,NA,NA,NA,NA
BHS,Bahamas,unemptiable,395360.9967382175,0,NA,0,NA,NA
BRB,Barbados,unemptiable,285718.9999223408,0,NA,0,NA,NA
BLZ,Belize,unemptiable,374680.971938832,8718.028809999998,2199.3434243086404,0.02326787177071604,0.09538156940318716,0.9046184305968129
BOL,Bolivia (Plurinational State of),unemptiable,11051597.304626657,959706.2462500001,240402.63738443554,0.08683869125852307,0.3110218799099537,0.6889781200900463
BRA,Brazil,unemptiable,209288304.06109858,21626646.873010002,6502075.492180716,0.10333423537464581,0.5779993482813187,0.4220006517186812
VGB,British Virgin Islands,unemptiable,NA,0,NA,NA,NA,NA
CYM,Cayman Islands,unemptiable,NA,0,NA,NA,NA,NA
CHL,Chile,unemptiable,18054734.725888643,0,0,0,NA,NA
COL,Colombia,unemptiable,49065610.7595189,1091594.47332,298968.87488359713,0.022247648738546007,0.3538467370444162,0.6461532629555838
CRI,Costa Rica,unemptiable,4905768.67560216,71815.25727,20688.320602462918,0.01463894081006276,0.4804409025547448,0.5195590974452552
CUB,Cuba,unemptiable,11484635.673065167,447656.72059000004,139880.00287477934,0.03897874807120666,0.7296787400387724,0.2703212599612275
CUW,Curaçao,unemptiable,160538.9906368221,0,NA,0,NA,NA
DMA,Dominica,unemptiable,NA,0,NA,NA,NA,NA
DOM,Dominican Republic,unemptiable,10766998.632462569,229811.64808999997,60474.365073170484,0.02134407702041648,0.6762899769081065,0.3237100230918935
ECU,Ecuador,unemptiable,16624857.793386139,140799.43903,34834.05141081359,0.008469211633558406,0,1
SLV,El Salvador,unemptiable,6377854.293358549,44272.830989999995,9791.805028340483,0.006941649801580231,0.24535427726439143,0.7546457227356086
FLK,Falkland Islands (Malvinas),unemptiable,2910.0001199999997,0,0,0,NA,NA
GUF,French Guiana,unemptiable,282731.0225627962,0,NA,0,NA,NA
GRD,Grenada,unemptiable,107824.99244992007,0,NA,0,NA,NA
GLP,Guadeloupe,unemptiable,449567.97697265766,0,NA,0,NA,NA
GTM,Guatemala,unemptiable,16913510.41842676,3141817.91482,579186.5762695571,0.18575788450143882,0.20728914913813903,0.7927108508618609
GUY,Guyana,unemptiable,777858.9824454173,26233.570030000006,6394.972814631492,0.03372535462344015,0.17693201591289476,0.8230679840871052
HTI,Haiti,unemptiable,10981230.415554462,1982429.0147199999,322088.86076162726,0.18052886058305184,0.3328884805709973,0.6671115194290027
HND,Honduras,unemptiable,9265068.093262706,349735.42822,73273.08543714511,0.03774774504618241,0.40321594031157887,0.5967840596884211
JAM,Jamaica,unemptiable,2890298.553790563,14771.869160000002,4445.893556158625,0.005110845431738192,0.5638403285180466,0.43615967148195345
MTQ,Martinique,unemptiable,384895.9655102225,0,NA,0,NA,NA
MEX,Mexico,unemptiable,129163259.24036303,1696103.74207,425666.9199340701,0.013131472154273217,0.253166178146595,0.7468338218534051
MSR,Montserrat,unemptiable,NA,0,NA,NA,NA,NA
NIC,Nicaragua,unemptiable,6217579.051386828,832616.68658,161057.6522726757,0.13391332537931872,0.4006894267521323,0.5993105732478677
PAN,Panama,unemptiable,4098587.5044567515,265916.59985,68039.53418671459,0.06488005918157065,0.24818829304837775,0.7518117069516222
PRY,Paraguay,unemptiable,6811297.743692834,422614.33272,89658.50972736161,0.06204608117613636,0.11454163768759745,0.8854583623124026
PER,Peru,unemptiable,32165465.93273383,2660081.44742,659942.9832661866,0.08269991962755667,0.4486607277598754,0.5513392722401246
PRI,Puerto Rico,unemptiable,3663130.8220668593,0,NA,0,NA,NA
KNA,Saint Kitts and Nevis,unemptiable,NA,0,NA,NA,NA,NA
LCA,Saint Lucia,unemptiable,178844.00866326594,36.90016,8.846980965446718,2.0632595006007148e-4,1,0
VCT,Saint Vincent and the Grenadines,unemptiable,109897.00021055054,0,NA,0,NA,NA
SXM,Sint Maarten (Dutch part),unemptiable,40120.0040619437,0,NA,0,NA,NA
SUR,Suriname,unemptiable,563401.9925899322,12267.08539,2840.203047093253,0.021773237495325126,0.34072431609608284,0.6592756839039171
TTO,Trinidad and Tobago,unemptiable,1369124.962115212,0,NA,0,NA,NA
TCA,Turks and Caicos Islands,unemptiable,35446,0,NA,0,NA,NA
VIR,United States Virgin Islands,unemptiable,104901.00273760447,0,NA,0,NA,NA
URY,Uruguay,unemptiable,3456750.3206200795,23149.11905,8196.8932101718965,0.006696786548890075,0.8838195888063394,0.11618041119366052
VEN,Venezuela (Bolivarian Republic of),unemptiable,31977084.779284958,0,NA,0,NA,NA
DZA,Algeria,unemptiable,41318123.42142925,1351080.17481,255876.35639560997,0.03269945638695864,0.6329795114714536,0.36702048852854635
ARM,Armenia,unemptiable,2930444.2790202904,171882.70737,42430.85117279247,0.05865414626735849,0.028087965414737466,0.9719120345852625
AZE,Azerbaijan,unemptiable,9827636.216505077,463714.3928,100844.09936493536,0.04718473319364552,0,1
BHR,Bahrain,unemptiable,1492584,0,NA,0,NA,NA
CYP,Cyprus,unemptiable,1179551.0937417878,9998.888429999999,3639.542840263046,0.008476859106019216,0.36854858475503566,0.6314514152449644
EGY,Egypt,unemptiable,97553157.01136142,1419732.32721,329086.7716955292,0.014553422674415882,0.045964001882129124,0.9540359981178708
GEO,Georgia,unemptiable,3912058.650758073,348075.39077000006,98648.72556363301,0.08897499292413484,0.19720710214000053,0.8027928978599994
IRQ,Iraq,unemptiable,38274617.3528869,1815632.7088199998,233365.66647573508,0.04743699178178862,0.3517544603583785,0.6482455396416216
ISR,Israel,unemptiable,8321571.158034277,0,0,0,NA,NA
JOR,Jordan,unemptiable,9702354.115704602,131463.27016000001,25741.255339573338,0.013549626059020927,0.8691876928888955,0.13081230711110434
KWT,Kuwait,unemptiable,NA,0,NA,NA,NA,NA
LBN,Lebanon,unemptiable,6082357.000000001,0,NA,0,NA,NA
LBY,Libya,unemptiable,6374619.656595086,0,NA,0,NA,NA
MAR,Morocco,unemptiable,35739582.13855359,176134.34321,32582.69190467303,0.004928270916183921,0.9571558417712852,0.04284415822871481
OMN,Oman,unemptiable,4636262.242827791,0,0,0,NA,NA
QAT,Qatar,unemptiable,2639209.566797238,0,NA,0,NA,NA
SAU,Saudi Arabia,unemptiable,32938215.079899818,0,NA,0,NA,NA
SDN,Sudan,unemptiable,40533342.58961601,12481434.03813,1940331.725396395,0.3079300457526921,0.29258652468968516,0.7074134753103148
SYR,Syrian Arab Republic,unemptiable,18269868.06350311,155694.25433999998,29762.821287806644,0.00852191454250419,0.2245375843071076,0.7754624156928924
TUN,Tunisia,unemptiable,11532128.173141873,469631.90828,89688.4694309721,0.040723784996924035,0.41135791204549027,0.5886420879545098
TUR,Turkey,unemptiable,80745044.75601278,1456449.8192,353119.01159741334,0.01803763715285505,0,1
ARE,United Arab Emirates,unemptiable,9400150.819728967,0,NA,0,NA,NA
PSE,West Bank and Gaza Strip,unemptiable,4920723.466079375,0,0,0,NA,NA
YEM,Yemen,unemptiable,28250423.376752406,4484993.61597,623620.5589685229,0.15875845668425456,0.13277350566333188,0.8672264943366682
ASM,American Samoa,unemptiable,55641,0,NA,0,NA,NA
COK,Cook Islands,unemptiable,NA,0,NA,NA,NA,NA
FJI,Fiji,unemptiable,NA,0,NA,NA,NA,NA
PYF,French Polynesia,unemptiable,283007.0134989383,0,NA,0,NA,NA
GUM,Guam,unemptiable,NA,0,NA,NA,NA,NA
KIR,Kiribati,unemptiable,116398.00802249892,0,NA,0,NA,NA
MHL,Marshall Islands,unemptiable,53127.00311715643,456.05223,85.373747994171,0.008584188891556844,0.2523148938445055,0.7476851061554944
FSM,Micronesia (Federated States of),unemptiable,105543.997793472,0,NA,0,NA,NA
NRU,Nauru,unemptiable,11359.000015433978,123.67171,19.427318844579446,0.010887552586667995,1,0
NCL,New Caledonia,unemptiable,NA,0,NA,NA,NA,NA
NIU,Niue,unemptiable,1618,0,NA,0,NA,NA
MNP,Northern Mariana Islands,unemptiable,55143.99435431121,0,NA,0,NA,NA
PLW,Palau,unemptiable,21728.999990816334,0,0,0,NA,NA
PNG,Papua New Guinea,unemptiable,8251165.611192605,5802136.89479,1036647.4031823094,0.7031899695383005,0.08142460117137569,0.9185753988286243
WSM,Samoa,unemptiable,196440.00449179963,3394.32255,677.2312234362436,0.017279181797930043,0.15455125206059162,0.8454487479394085
SLB,Solomon Islands,unemptiable,611342.8721513482,43917.80445,8253.100231448268,0.07183825386799866,0,1
TKL,Tokelau,unemptiable,NA,0,NA,NA,NA,NA
TON,Tonga,unemptiable,108019.99731955702,5974.76572,1183.190497405117,0.05531166328698167,0.10636448352656076,0.8936355164734392
TUV,Tuvalu,unemptiable,11191.999891473786,163.89721,30.557804718484416,0.014644139705975076,1,0
VUT,Vanuatu,unemptiable,276244.005072261,85180.82852,11148.67744870092,0.30835358218079,0.06487986153718149,0.9351201384628186
WLF,Wallis and Futuna Islands,unemptiable,11900,0,NA,0,NA,NA
AGO,Angola,unemptiable,29784196.593882326,2979154.85864,516612.3815686869,0.1000246842062518,0.4392578901210227,0.5607421098789772
BEN,Benin,unemptiable,11175688.255369607,1137523.91937,147123.73318066073,0.10178558075145407,0.5508597132770989,0.449140286722901
BWA,Botswana,unemptiable,2291660.9615384615,140592.78266,37746.42312593105,0.06134973061879791,0.6662152200693914,0.33378477993060873
BFA,Burkina Faso,unemptiable,19193338.94925281,1240098.62941,124157.48177889462,0.06461088571867672,0.19751725978967916,0.8024827402103207
BDI,Burundi,unemptiable,10864239.920058692,4343776.7972099995,811106.6250400821,0.39982334973936523,0.0451160458419212,0.9548839541580788
CIV,CÃ´te d'Ivoire,unemptiable,24294753.938055202,4811405.04487,710823.1212181002,0.19804296257281434,0.40677653197100166,0.5932234680289984
CPV,Cabo Verde,unemptiable,546388.0174999244,0,0,0,NA,NA
CMR,Cameroon,unemptiable,24053722.80135783,8490944.96609,1349267.2258315212,0.3529992025022707,0.2437676795405178,0.7562323204594822
CAF,Central African Republic,unemptiable,NA,0,NA,NA,NA,NA
TCD,Chad,unemptiable,14899995.708580084,2632904.5184500003,327793.93273293326,0.17670505213191814,0.34995604387979545,0.6500439561202045
COM,Comoros,unemptiable,813911.4018581461,410038.95525999996,62740.959859286486,0.5037881940514507,0.2118207546766541,0.7881792453233459
COG,Congo,unemptiable,5260749.268979484,1965735.73287,272073.7699634183,0.37366079095636634,0.4447595592839634,0.5552404407160366
COD,Democratic Republic of the Congo,unemptiable,81340045.87200467,38395495.12525,5014610.1952917725,0.472036801966752,0.3872427686606943,0.6127572313393057
DJI,Djibouti,unemptiable,956984.8438145743,120772.54249,23384.085711450767,0.12620110263042048,0.7867071845230639,0.21329281547693613
GNQ,Equatorial Guinea,unemptiable,1267689.4190510977,265626.93150999997,50415.79467914817,0.20953628508537164,0.5545220645462103,0.4454779354537897
ERI,Eritrea,unemptiable,NA,0,NA,NA,NA,NA
SWZ,Eswatini,unemptiable,1367255.194847844,108316.50209,18332.53428499464,0.0792218617988532,0.17404570916014153,0.8259542908398585
ETH,Ethiopia,unemptiable,104957569.24398701,66091207.57763,11264895.665654114,0.6296945332641299,0.14569944051301154,0.8543005594869885
GAB,Gabon,unemptiable,2025137.0059883092,449925.59747000004,83884.21950866279,0.2221704487842426,0.7936095128790894,0.2063904871209105
GMB,Gambia,unemptiable,2100567.7795368005,686297.57508,62766.15888109192,0.32672003339560723,0.3638682813659811,0.6361317186340189
GHA,Ghana,unemptiable,28833620.268165432,3823499.8944699997,551370.8439032508,0.13260561313181482,0.35008078674356624,0.6499192132564339
GIN,Guinea,unemptiable,12717180.620669585,4156632.09367,427418.48808017775,0.32685169910334616,0.14516114923639023,0.8548388507636098
GNB,Guinea-Bissau,unemptiable,1861283.465058456,872793.7879899999,131395.13345291125,0.46892040055950784,0.2909887222557889,0.7090112777442111
KEN,Kenya,unemptiable,49699904.288884364,19121700.74519,3949159.831403488,0.38474321065174893,0.13298120315838746,0.8670187968416126
LSO,Lesotho,unemptiable,2233347.2968262336,231089.89838,58484.83823174527,0.10347244188505628,0.1420152226041236,0.8579847773958764
LBR,Liberia,unemptiable,4731905.407425473,772126.44349,87897.88088075173,0.16317453055556685,0.513983200427897,0.486016799572103
MDG,Madagascar,unemptiable,25570894.828186814,7510169.13127,907238.6141781462,0.29369989520239764,0.42371673562455175,0.5762832643754482
MWI,Malawi,unemptiable,18622123.56626787,10179937.71098,1767451.6466684146,0.5466582624024656,0.12339510870436089,0.8766048912956391
MLI,Mali,unemptiable,18541999.40482041,7160446.91316,1116069.089197233,0.3861744764859868,0.1774565954388505,0.8225434045611495
MRT,Mauritania,unemptiable,4420182.997007927,532608.14103,95460.65008597451,0.12049459069693012,0.36135654289437397,0.6386434571056259
MUS,Mauritius,unemptiable,1265137.0977841427,5084.93566,1424.070680369899,0.00401927638427973,0.0987980209763362,0.9012019790236637
MYT,Mayotte,unemptiable,NA,0,NA,NA,NA,NA
MOZ,Mozambique,unemptiable,29668814.879078306,11433676.102869999,2406062.2602699567,0.38537690667694097,0.2770149822334889,0.7229850177665111
NAM,Namibia,unemptiable,2533795.1763287843,110329.81558,22088.79227016388,0.0435433047669847,0.4524890576274087,0.5475109423725913
NER,Niger,unemptiable,21477381.84057851,1900119.62445,233185.37756212824,0.08847072881388128,0.22832562990636923,0.7716743700936308
NGA,Nigeria,unemptiable,190886295.59758583,39165443.06872,6543304.282346125,0.205176819771735,0.26454471308726135,0.7354552869127388
REU,Réunion,unemptiable,876561.9461389979,0,NA,0,NA,NA
RWA,Rwanda,unemptiable,12208457.460714782,2060284.39475,434523.76112457336,0.1687587806551094,0.101059160284163,0.8989408397158369
SHN,Saint Helena,unemptiable,4048.999790356394,0,NA,0,NA,NA
STP,Sao Tome and Principe,unemptiable,204327.32937399784,7162.722809999999,1712.6054487303518,0.035055138399472024,0.8021343031701097,0.19786569682989033
SEN,Senegal,unemptiable,15850567.010644754,2823694.86013,294206.17957186257,0.17814472240858595,0.18225005414229054,0.8177499458577095
SYC,Seychelles,unemptiable,94736.9972789337,0,NA,0,NA,NA
SLE,Sierra Leone,unemptiable,7557213.635929482,2479359.9144900003,220352.40109607173,0.32807857947832875,0.2512326825160149,0.7487673174839851
SOM,Somalia,unemptiable,14742509.838527326,2821112.88907,479079.22821504035,0.19135906436348085,0.29277620419942924,0.7072237958005708
ZAF,South Africa,unemptiable,56717190.837702796,4509224.02445,1283620.3811396756,0.07950365590836862,0.30480645472868106,0.6951935452713189
SSD,South Sudan,unemptiable,12575720.023801042,2274324.0663,269049.69365781336,0.1808504055430283,0.357936159447305,0.6420638405526949
TGO,Togo,unemptiable,7797694.3391137635,754818.7225500001,102587.65089827369,0.09680024501137191,0.2873933276020857,0.7126066723979142
UGA,Uganda,unemptiable,42863017.97041767,24950582.05147,3965060.2571973205,0.582100450059067,0.12015122338532289,0.8798487766146771
TZA,United Republic of Tanzania,unemptiable,57310008.8286023,23722688.762089998,4128309.1538436683,0.41393622592238144,0.1293490309245056,0.8706509690754944
ZMB,Zambia,unemptiable,17094116.566256963,6263388.08189,964023.7650149022,0.366406070627461,0.32423132848846287,0.6757686715115372
ZWE,Zimbabwe,unemptiable,16529889.786516318,1800190.43364,330921.22919803916,0.10890516856975312,0.11197101372349008,0.88802898627651
AFG,Afghanistan,no facility,35530085.16530559,4526598.87274,563238.2678677299,0.12740185821902086,0,1
BGD,Bangladesh,no facility,164669683.37243107,0,0,0,NA,NA
BTN,Bhutan,no facility,807610.0210778456,0,0,0,NA,NA
IND,India,no facility,1339180290.6450965,344585705.71641,75365586.66033909,0.2573109148361343,0.06208554038375242,0.9379144596162476
IRN,Iran (Islamic Republic of),no facility,81162560.0499435,77982.90603,22325.736246910976,9.608236357011546e-4,1,0
KAZ,Kazakhstan,no facility,18204492.203759845,0,0,0,NA,NA
KGZ,Kyrgyzstan,no facility,6045077.406228689,0,0,0,NA,NA
MDV,Maldives,no facility,436330.02510366763,0,0,0,NA,NA
NPL,Nepal,no facility,29304995.49611164,6297776.59339,1485547.3452926434,0.21490454056632174,0.06602520739564287,0.9339747926043571
PAK,Pakistan,no facility,197015965.11590356,20547511.09739,3019703.9503831845,0.10429363470773546,0,1
LKA,Sri Lanka,no facility,20876967.247702222,116800.46043,22590.124323163527,0.005594704395718942,0,1
TJK,Tajikistan,no facility,8921363.716258632,5881.21038,937.9053310046404,6.592277332311717e-4,0,1
TKM,Turkmenistan,no facility,5758083.429579293,0,0,0,NA,NA
UZB,Uzbekistan,no facility,31910638.871927045,0,0,0,NA,NA
BRN,Brunei Darussalam,no facility,NA,0,0,NA,NA,NA
KHM,Cambodia,no facility,16005372.51318531,5081580.36815,1101854.5567468754,0.31749216483176307,0,1
CHN,China,no facility,1409515977.5462778,3190600.58842,942735.2547783139,0.002263614346517931,0.1629414955657134,0.8370585044342866
HKG,"China, Hong Kong Special Administrative Region",no facility,7364882.919078801,0,0,0,NA,NA
MAC,"China, Macao Special Administrative Region",no facility,NA,0,0,NA,NA,NA
PRK,Democratic People's Republic of Korea,no facility,25490969.290557317,0,0,0,NA,NA
IDN,Indonesia,no facility,263991374.801031,25542675.69283,6398014.616799556,0.09675572056883067,0.21937175646688006,0.7806282435331199
JPN,Japan,no facility,127484455.18635967,0,0,0,NA,NA
LAO,Lao People's Democratic Republic,no facility,6858159.411277301,1418547.0360899998,368065.89953359397,0.2068407791392825,0.02223466733040982,0.9777653326695902
MYS,Malaysia,no facility,31624266.45510674,0,0,0,NA,NA
MNG,Mongolia,no facility,3075681.3066407247,317329.58975000004,73431.52760436179,0.10317375505220633,0.07391438342853117,0.9260856165714687
MMR,Myanmar,no facility,53370580.70587838,5028471.0603600005,1190510.413431148,0.0942180316169232,0.04150722499038453,0.9584927750096155
PHL,Philippines,no facility,104918090.95197149,5336198.4052,1125296.1959065846,0.05086061285315189,0.24433749291994936,0.7556625070800507
KOR,Republic of Korea,no facility,50982210.19734423,0,0,0,NA,NA
SGP,Singapore,no facility,5708844,0,0,0,NA,NA
THA,Thailand,no facility,69037511.90450084,0,0,0,NA,NA
TLS,Timor-Leste,no facility,1296311.2173765858,252975.60333,43282.462233721606,0.19515036199560182,0,1
VNM,Viet Nam,no facility,95540797.89708887,2855947.34881,754922.6383866289,0.029892437698565845,0.15822491158259192,0.8417750884174081
AIA,Anguilla,no facility,14908.999999999998,80.80678,22.12109036188375,0.005420000000000001,1,0
ATG,Antigua and Barbuda,no facility,102011.99457736852,0,0,0,NA,NA
ARG,Argentina,no facility,43937140,702532.87622,215594.12764899625,0.015989499458089442,1,0
ABW,Aruba,no facility,NA,0,0,NA,NA,NA
BHS,Bahamas,no facility,395360.9967382175,0,0,0,NA,NA
BRB,Barbados,no facility,285718.9999223408,0,0,0,NA,NA
BLZ,Belize,no facility,374680.971938832,2938.15766,804.3291799811959,0.007841758402611554,0.4371825098044603,0.5628174901955397
BOL,Bolivia (Plurinational State of),no facility,11051597.304626657,1469538.30435,416245.6720704749,0.1329706705595209,0.10537286170876121,0.8946271382912387
BRA,Brazil,no facility,209288304.06109858,2356516.85065,711618.3281447239,0.011259668146396036,0.12556468918029715,0.8744353108197028
VGB,British Virgin Islands,no facility,NA,0,0,NA,NA,NA
CYM,Cayman Islands,no facility,NA,0,0,NA,NA,NA
CHL,Chile,no facility,18054734.725888643,0,0,0,NA,NA
COL,Colombia,no facility,49065610.7595189,1504531.16861,426593.2187721036,0.030663659237506094,0.20103004476765463,0.7989699552323454
CRI,Costa Rica,no facility,4905768.67560216,9985.91583,2884.913318898965,0.002035545597505018,0.5671491885587023,0.43285081144129767
CUB,Cuba,no facility,11484635.673065167,30869.62735,9841.434881758265,0.0026879065412931044,0.46100633540689634,0.5389936645931037
CUW,Curaçao,no facility,160538.9906368221,0,0,0,NA,NA
DMA,Dominica,no facility,NA,0,0,NA,NA,NA
DOM,Dominican Republic,no facility,10766998.632462569,309511.20048,88992.84495247883,0.0287462839966211,0.5203672489080321,0.47963275109196785
ECU,Ecuador,no facility,16624857.793386139,348544.8071,92212.52641415266,0.020965280511371438,0,1
SLV,El Salvador,no facility,6377854.293358549,64140.14409,15759.337562514122,0.010056696365232279,0,1
FLK,Falkland Islands (Malvinas),no facility,2910.0001199999997,0,0,0,NA,NA
GUF,French Guiana,no facility,282731.0225627962,0,0,0,NA,NA
GRD,Grenada,no facility,107824.99244992007,0,0,0,NA,NA
GLP,Guadeloupe,no facility,449567.97697265766,0,0,0,NA,NA
GTM,Guatemala,no facility,16913510.41842676,792755.46251,164961.02376226807,0.04687113691350063,0.1087229834999879,0.8912770165000121
GUY,Guyana,no facility,777858.9824454173,4762.09311,1254.766479683702,0.006122051962463721,0,1
HTI,Haiti,no facility,10981230.415554462,2182803.2080200003,492899.3484991933,0.19877583161611373,0.22816064306674627,0.7718393569332537
HND,Honduras,no facility,9265068.093262706,556738.12746,124619.85057402919,0.06009002004689465,0.17732225312176575,0.8226777468782343
JAM,Jamaica,no facility,2890298.553790563,15171.33423,4956.457566928146,0.00524905436156522,1,0
MTQ,Martinique,no facility,384895.9655102225,0,0,0,NA,NA
MEX,Mexico,no facility,129163259.24036303,1143128.56687,305635.05070876447,0.00885026108502515,0.26915367508700355,0.7308463249129965
MSR,Montserrat,no facility,NA,0,0,NA,NA,NA
NIC,Nicaragua,no facility,6217579.051386828,404328.42061,82182.63379216935,0.06502988016208892,0.08712966844341762,0.9128703315565824
PAN,Panama,no facility,4098587.5044567515,181166.15154000002,49362.9630659938,0.044202094341770734,0.06913335616799622,0.9308666438320037
PRY,Paraguay,no facility,6811297.743692834,45076.62848,9730.640504024104,0.006617920721750907,0.4169680014630943,0.5830319985369057
PER,Peru,no facility,32165465.93273383,2100236.75371,559737.400151889,0.06529477166915999,0.35986599821419996,0.6401340017858
PRI,Puerto Rico,no facility,3663130.8220668593,0,0,0,NA,NA
KNA,Saint Kitts and Nevis,no facility,NA,0,0,NA,NA,NA
LCA,Saint Lucia,no facility,178844.00866326594,1425.49531,390.2334749998884,0.00797060701476433,1,0
VCT,Saint Vincent and the Grenadines,no facility,109897.00021055054,0,0,0,NA,NA
SXM,Sint Maarten (Dutch part),no facility,40120.0040619437,0,0,0,NA,NA
SUR,Suriname,no facility,563401.9925899322,15836.099320000001,4018.4902708596956,0.028107993099566804,0.08211512909354499,0.917884870906455
TTO,Trinidad and Tobago,no facility,1369124.962115212,0,0,0,NA,NA
TCA,Turks and Caicos Islands,no facility,35446,0,0,0,NA,NA
VIR,United States Virgin Islands,no facility,104901.00273760447,0,0,0,NA,NA
URY,Uruguay,no facility,3456750.3206200795,13778.64341,4954.100526812154,0.003986010597238726,0.98759185320988,0.01240814679012003
VEN,Venezuela (Bolivarian Republic of),no facility,31977084.779284958,0,0,0,NA,NA
DZA,Algeria,no facility,41318123.42142925,319385.29321000003,64417.39115089276,0.0077299080103999575,0.17674886060856512,0.8232511393914348
ARM,Armenia,no facility,2930444.2790202904,0,0,0,NA,NA
AZE,Azerbaijan,no facility,9827636.216505077,15269.51966,3357.023943167603,0.001553732690507563,0,1
BHR,Bahrain,no facility,1492584,0,0,0,NA,NA
CYP,Cyprus,no facility,1179551.0937417878,0,0,0,NA,NA
EGY,Egypt,no facility,97553157.01136142,0,0,0,NA,NA
GEO,Georgia,no facility,3912058.650758073,0,0,0,NA,NA
IRQ,Iraq,no facility,38274617.3528869,7624.0524,989.7474585178622,1.9919343228717994e-4,1,0
ISR,Israel,no facility,8321571.158034277,0,0,0,NA,NA
JOR,Jordan,no facility,9702354.115704602,18694.03598,3687.9616290220356,0.0019267525960262695,0.5539032764822998,0.44609672351770024
KWT,Kuwait,no facility,NA,0,0,NA,NA,NA
LBN,Lebanon,no facility,6082357.000000001,0,0,0,NA,NA
LBY,Libya,no facility,6374619.656595086,0,0,0,NA,NA
MAR,Morocco,no facility,35739582.13855359,2594774.7731500003,495548.57136756286,0.07260226946948331,0.010608771344952752,0.9893912286550473
OMN,Oman,no facility,4636262.242827791,0,0,0,NA,NA
QAT,Qatar,no facility,2639209.566797238,0,0,0,NA,NA
SAU,Saudi Arabia,no facility,32938215.079899818,0,0,0,NA,NA
SDN,Sudan,no facility,40533342.58961601,9854715.589480001,1762800.1615948062,0.24312615145647085,0.023479420561563793,0.9765205794384362
SYR,Syrian Arab Republic,no facility,18269868.06350311,0,0,0,NA,NA
TUN,Tunisia,no facility,11532128.173141873,0,0,0,NA,NA
TUR,Turkey,no facility,80745044.75601278,255786.09307,62826.42568678185,0.0031678240298572942,0,1
ARE,United Arab Emirates,no facility,9400150.819728967,0,0,0,NA,NA
PSE,West Bank and Gaza Strip,no facility,4920723.466079375,8050.19224,1623.6576742530015,0.001635977371110849,0,1
YEM,Yemen,no facility,28250423.376752406,5529590.33968,828690.9920073613,0.19573477770355693,0.019003060792037077,0.9809969392079629
ASM,American Samoa,no facility,55641,0,0,0,NA,NA
COK,Cook Islands,no facility,NA,0,0,NA,NA,NA
FJI,Fiji,no facility,NA,0,0,NA,NA,NA
PYF,French Polynesia,no facility,283007.0134989383,0,0,0,NA,NA
GUM,Guam,no facility,NA,0,0,NA,NA,NA
KIR,Kiribati,no facility,116398.00802249892,0,0,0,NA,NA
MHL,Marshall Islands,no facility,53127.00311715643,5342.03672,1065.8368526370416,0.10055219392329855,0.26080943524476563,0.7391905647552344
FSM,Micronesia (Federated States of),no facility,105543.997793472,0,0,0,NA,NA
NRU,Nauru,no facility,11359.000015433978,294.07154,58.672806098518905,0.02588885813895871,1,0
NCL,New Caledonia,no facility,NA,0,0,NA,NA,NA
NIU,Niue,no facility,1618,0,0,0,NA,NA
MNP,Northern Mariana Islands,no facility,55143.99435431121,0,0,0,NA,NA
PLW,Palau,no facility,21728.999990816334,0,0,0,NA,NA
PNG,Papua New Guinea,no facility,8251165.611192605,1193854.7516700001,238196.4890398076,0.14468922427766456,0.007093438450660733,0.9929065615493392
WSM,Samoa,no facility,196440.00449179963,204.56992,40.81554865781817,0.0010413862518952434,0.16123059538763082,0.8387694046123692
SLB,Solomon Islands,no facility,611342.8721513482,328229.09605999995,65487.88131289587,0.536898540920162,0.018919724620832572,0.9810802753791675
TKL,Tokelau,no facility,NA,0,0,NA,NA,NA
TON,Tonga,no facility,108019.99731955702,0,0,0,NA,NA
TUV,Tuvalu,no facility,11191.999891473786,787.74071,157.16909543079078,0.07038426712281434,0.510533408892883,0.48946659110711693
VUT,Vanuatu,no facility,276244.005072261,1521.6209,303.5920035687704,0.005508249489801483,0.20365658095258812,0.7963434190474119
WLF,Wallis and Futuna Islands,no facility,11900,103.36953,20.62416645345902,0.00868651512605042,0,1
AGO,Angola,no facility,29784196.593882326,5933231.07237,1232070.8523268849,0.1992073566150408,0.031704233427885184,0.9682957665721149
BEN,Benin,no facility,11175688.255369607,6016042.68972,1212634.3101436277,0.5383151849130597,0.2542875880392399,0.7457124119607602
BWA,Botswana,no facility,2291660.9615384615,252851.2756,71750.74466842889,0.11033537676107781,0.0747014077551286,0.9252985922448714
BFA,Burkina Faso,no facility,19193338.94925281,8956660.36984,1511812.0888436788,0.4666546239568535,0.04504974786681657,0.9549502521331834
BDI,Burundi,no facility,10864239.920058692,284808.85352,58964.27563089398,0.026215258095889083,0.030494500478687223,0.9695054995213127
CIV,CÃ´te d'Ivoire,no facility,24294753.938055202,6252793.801,1290803.9880768827,0.2573721807161689,0.15812914412624177,0.8418708558737583
CPV,Cabo Verde,no facility,546388.0174999244,110200.36145999999,22749.361419423847,0.20168883271678856,0.395204683296871,0.6047953167031291
CMR,Cameroon,no facility,24053722.80135783,1672145.57198,334942.1131629088,0.06951712156114177,0.10567634598389711,0.8943236540161029
CAF,Central African Republic,no facility,NA,0,0,NA,NA,NA
TCD,Chad,no facility,14899995.708580084,9981400.78805,1727729.0291750582,0.669892863277958,0.05595454715621247,0.9440454528437875
COM,Comoros,no facility,813911.4018581461,4814.711090000001,896.3269967519651,0.005915522351705721,0.25610213301500506,0.7438978669849948
COG,Congo,no facility,5260749.268979484,460057.50720999995,106806.25268851742,0.087450947324704,0.11739040046867015,0.8826095995313299
COD,Democratic Republic of the Congo,no facility,81340045.87200467,9803650.289940001,1849024.0421559124,0.12052673667490747,0.13265990374876574,0.8673400962512342
DJI,Djibouti,no facility,956984.8438145743,165729.79898999998,34212.656340156216,0.1731791261493707,0.14274347524809006,0.85725652475191
GNQ,Equatorial Guinea,no facility,1267689.4190510977,36180.74607,7469.021497443908,0.028540702104370593,0.6391105107468559,0.36088948925314407
ERI,Eritrea,no facility,NA,0,0,NA,NA,NA
SWZ,Eswatini,no facility,1367255.194847844,96219.13643,20311.478099776414,0.07037394101158109,0.02066795186263968,0.9793320481373603
ETH,Ethiopia,no facility,104957569.24398701,23458293.45064,5083518.853768027,0.22350263653789715,0.04627167474965602,0.953728325250344
GAB,Gabon,no facility,2025137.0059883092,59803.41012,14594.748641183924,0.02953055025075436,0.7559363479321269,0.2440636520678731
GMB,Gambia,no facility,2100567.7795368005,22620.09916,2748.599622644427,0.010768564280743178,0,1
GHA,Ghana,no facility,28833620.268165432,5206293.04012,1490541.8788772307,0.1805632796610058,0.22898379689025763,0.7710162031097424
GIN,Guinea,no facility,12717180.620669585,1825028.4195599998,291966.28604075674,0.14350888565612813,0.029532268337494824,0.9704677316625052
GNB,Guinea-Bissau,no facility,1861283.465058456,313945.13979000004,64809.69169549087,0.16867132045367425,0.04287059882182863,0.9571294011781714
KEN,Kenya,no facility,49699904.288884364,5141423.72164,1412935.606410675,0.1034493686699092,0.04901991009595438,0.9509800899040456
LSO,Lesotho,no facility,2233347.2968262336,609253.84198,182142.22530851097,0.27279852213124167,0.062286244903558156,0.9377137550964418
LBR,Liberia,no facility,4731905.407425473,1874413.6467,378996.2443502424,0.3961223831225797,0.24770705077154836,0.7522929492284517
MDG,Madagascar,no facility,25570894.828186814,11398414.33986,2303052.6310658967,0.4457573509432107,0.19218564335562713,0.8078143566443728
MWI,Malawi,no facility,18622123.56626787,1063975.57259,235971.36859063176,0.05713502913906587,0.04343250072697612,0.9565674992730239
MLI,Mali,no facility,18541999.40482041,1334167.1740299999,235361.23754451892,0.07195379230155477,0.05990979744956812,0.940090202550432
MRT,Mauritania,no facility,4420182.997007927,1411431.18558,291370.71543145657,0.3193151022334175,0.13645484624236653,0.8635451537576334
MUS,Mauritius,no facility,1265137.0977841427,1653.3067,475.7309681195513,0.0013068201880220944,0,1
MYT,Mayotte,no facility,NA,0,0,NA,NA,NA
MOZ,Mozambique,no facility,29668814.879078306,8131054.59118,1862203.1377131483,0.2740606466527186,0.1048921641154825,0.8951078358845175
NAM,Namibia,no facility,2533795.1763287843,1234275.7482399999,291224.7577036336,0.4871253050644535,0.23241811849504124,0.7675818815049588
NER,Niger,no facility,21477381.84057851,14572181.98173,2462828.028383099,0.6784896823037293,0.026499646906286825,0.9735003530937132
NGA,Nigeria,no facility,190886295.59758583,37803730.06439,7712798.176504739,0.19804318558355488,0.22052635008953633,0.7794736499104635
REU,Réunion,no facility,876561.9461389979,0,0,0,NA,NA
RWA,Rwanda,no facility,12208457.460714782,267378.52555,62775.33845334615,0.02190108999522578,0.12742421871732845,0.8725757812826714
SHN,Saint Helena,no facility,4048.999790356394,0,0,0,NA,NA
STP,Sao Tome and Principe,no facility,204327.32937399784,96920.09226,25262.95504791619,0.47433739068061154,0.6324238135841823,0.3675761864158176
SEN,Senegal,no facility,15850567.010644754,2180155.15587,262473.0805796422,0.13754430074368157,0.06389794822396885,0.9361020517760312
SYC,Seychelles,no facility,94736.9972789337,0,0,0,NA,NA
SLE,Sierra Leone,no facility,7557213.635929482,1331757.02549,225756.92431241804,0.17622328673605156,0.14018232636791284,0.8598176736320873
SOM,Somalia,no facility,14742509.838527326,4058197.72007,837759.562874616,0.27527183393593624,0.018654199201682615,0.9813458007983175
ZAF,South Africa,no facility,56717190.837702796,819822.10612,252760.96210697253,0.014454561201134501,0.3071401007490559,0.692859899250944
SSD,South Sudan,no facility,12575720.023801042,7899544.02398,1328106.9543419708,0.6281583884683483,0.03837774509385626,0.9616222549061437
TGO,Togo,no facility,7797694.3391137635,3718747.6914,817071.8672342824,0.4769034960432482,0.11070362257758201,0.889296377422418
UGA,Uganda,no facility,42863017.97041767,2410469.64757,531603.4843397764,0.05623658252980714,0.08367591943890788,0.9163240805610922
TZA,United Republic of Tanzania,no facility,57310008.8286023,6733196.08375,1387844.928975655,0.11748726306930168,0.047958441363281354,0.9520415586367187
ZMB,Zambia,no facility,17094116.566256963,3299657.3643,643109.1704053193,0.19302883255244552,0.06141321202390638,0.9385867879760936
ZWE,Zimbabwe,no facility,16529889.786516318,4121024.6144600003,1010753.8271307934,0.24930744655185677,0.0014341772915555506,0.9985658227084444
